timestamps,open,high,low,close,volume,amount
2024-05-06,180.70544017490002,182.53874644704828,178.79283846563771,180.0712127685547,78569700,14148141165.861511
2024-05-07,181.79549235772294,183.2324120279765,179.68471275097576,180.7549591064453,77305800,13973406717.69104
2024-05-08,181.20094275555934,181.4189598584749,179.813559816899,181.09193420410156,45057100,8159477388.6276245
2024-05-09,180.9135439323752,182.99461071341904,180.46760537105857,182.90542602539062,48983000,8959256483.001709
2024-05-10,183.4809650708303,183.66950932429603,180.7322345449188,181.64517211914062,50759500,9220218114.181519
2024-05-13,184.01680743143146,185.6640710757596,183.2030934113359,184.85035705566406,72044800,13317507004.003906
2024-05-14,186.07090395104018,186.85484938535834,184.86026592315986,185.99151611328125,52393600,9744765098.632812
2024-05-15,186.46788560358823,189.18684774302332,185.9320213621053,188.2639923095703,70400000,13253785058.59375
2024-05-16,189.00821119957226,189.6333810173086,188.2044300863017,188.38304138183594,52845200,9955139498.431396
2024-05-17,188.0555735439889,189.34559954047234,187.72810435814964,188.41281127929688,41282900,7778227246.762085
2024-05-20,187.8769693298537,190.44708847543168,187.55941793463836,189.57383728027344,44361300,8409741867.741394
2024-05-21,189.62345487533878,191.2508679069906,189.45476137627725,190.87379455566406,42309400,8075755723.373413
2024-05-22,190.79440205142186,191.3401840301744,188.8097513226368,189.43490600585938,34648500,6563635340.744019
2024-05-23,189.51429520164533,189.5341459487459,185.19768892080702,185.44577026367188,51005900,9458828413.491821
2024-05-24,187.37087155015982,189.11735863774422,186.59684388111853,188.52195739746094,36327000,6848437146.377563
2024-05-28,190.04019905563405,191.51876909707792,187.6487067626696,188.53187561035156,52280100,9856465310.09674
2024-05-29,188.15483105781396,190.77456966628964,188.05559245514976,188.82960510253906,53068000,10020809483.581543
2024-05-30,189.29598343446253,190.70508365256933,189.16699143181853,189.82191467285156,49889100,9470044483.305359
2024-05-31,189.9707702687458,191.09210277636024,188.45251367186646,190.77455139160156,75158300,14338290965.855408
2024-06-03,191.41954585254337,193.49351725389894,191.04247253185534,192.54087829589844,50080500,9642543455.497742
2024-06-04,193.14618134943933,193.82097037667646,191.54853713018946,192.85841369628906,47471400,9155258899.942017
2024-06-05,193.90036613096368,195.38885414673365,193.3744349100596,194.36676025390625,54156800,10526281761.71875
2024-06-06,194.1881470745491,194.9919281725913,192.67980832687616,192.9874267578125,41181800,7947569611.254883
2024-06-07,193.15613762673084,195.4285713258788,192.65005711175448,195.3789520263672,53103900,10375384330.513
2024-06-10,195.3888517006261,195.7857909182053,190.6753063763642,191.6378631591797,97010200,18590827432.644653
2024-06-11,192.16378906024917,205.57011360777915,192.14395345618084,205.5601806640625,172373300,35433086689.660645
2024-06-12,205.7785169434978,218.5100538646653,205.3121227860245,211.43478393554688,198134300,41892482910.720825
2024-06-13,213.09195736730385,215.08652592836702,209.9760562824749,212.59579467773438,97862700,20805198475.808716
2024-06-14,212.20877015870124,213.51863167298376,209.67833763090172,210.8592071533203,70122700,14786016925.450134
2024-06-17,211.73244926121387,217.2696263789355,211.08744385812574,215.0071258544922,93728300,20152252394.2276
2024-06-18,215.9200623200828,216.95208913019513,211.36529274424583,212.6453857421875,79943300,16999573866.003418
2024-06-20,212.28816853161533,212.59580212894483,207.2471687535905,208.07078552246094,86172500,17929979765.434265
2024-06-21,208.77533580800622,210.26382387597764,205.5205097773767,205.89759826660156,241805100,49787089338.61542
2024-06-24,206.12584292738626,211.06761941054305,205.0045103276704,206.54261779785156,80727000,16673565906.967163
2024-06-25,207.54482679949032,209.75772308170346,207.0089778092255,207.4654541015625,55549700,11524643735.705566
2024-06-26,209.87680350658064,213.21101716086312,209.02340313251779,211.61337280273438,66213200,14011598576.062012
2024-06-27,213.04234702641065,214.08429174664712,210.72030917561003,212.45687866210938,49772700,10574552484.585571
2024-06-28,214.11402417940656,214.41172478378184,208.6860038316288,209.0035400390625,82542700,17251716504.382324
2024-07-01,210.46229254870087,215.84069445328046,210.29359904602236,215.08653259277344,60402900,12991850319.548035
2024-07-02,214.4911377013164,218.68868521261126,213.44920810314017,218.57952880859375,58046200,12687711045.129395
2024-07-03,218.31157833867707,219.8496856689453,217.34902153194005,219.8496856689453,37369800,8215738783.511353
2024-07-05,219.94891212590596,224.71207692855523,219.94891212590596,224.60292053222656,60412400,13568801476.361084
2024-07-08,225.34715532852172,226.1013322692385,221.53662969916704,226.07156372070312,59085900,13357641806.845093
2024-07-09,226.18068283390414,227.63940213609902,224.63265789484376,226.9249267578125,48076100,10909665471.30127
2024-07-10,227.54019053238477,231.29117889263895,227.49057123987387,231.1919403076172,62627700,14479019480.003357
2024-07-11,229.61414576243664,230.6064710416972,224.0372825383305,225.82347106933594,64710600,14613172306.97937
2024-07-12,227.1631286162611,230.8545803134063,226.92496506939614,228.77069091796875,53046500,12135484455.78003
2024-07-15,234.66511292556817,235.40935699641528,231.3011303310065,232.60107421875,62631300,14568107659.716797
2024-07-16,233.19644881294397,234.4567062015191,230.54694204130521,233.01783752441406,43234300,10074363092.881775
2024-07-17,227.6890612108438,229.6836449661141,224.9006292447048,227.12344360351562,57345900,13024598284.542847
2024-07-18,228.5126628842939,228.6714385621368,220.5641428905974,222.45947265625,66034600,14690022293.066406
2024-07-19,223.09458131167176,225.05938116686082,221.5663918696606,222.58848571777344,49151500,10940557955.757141
2024-07-22,225.2677604657143,226.03185518490554,221.37784711424985,222.24118041992188,48201800,10712424930.36499
2024-07-23,222.6480544130964,225.19833806517673,220.9710219946754,223.28314208984375,39960300,8922461342.852783
2024-07-24,222.28089648286087,223.0747598557794,215.46362561910502,216.86279296875,61777600,13397262878.90625
2024-07-25,217.24978234747041,219.15506035064124,212.97286249707204,215.8208465576172,51391200,11091292289.611816
2024-07-26,217.02154248476683,217.80548795978973,214.35218497553956,216.2872314453125,41601300,8997830001.525879
2024-07-29,215.29493390237633,217.61697179557376,214.0942134588753,216.5651092529297,36311800,7863868934.170532
2024-07-30,217.50779485320817,218.63904514115285,214.46134877521007,217.12078857421875,41643800,9041734695.22705
2024-07-31,219.7405227481965,222.10226187087767,218.93674165630796,220.3756103515625,50036300,11026780152.233887
2024-08-01,222.64801239186647,222.7571687754724,215.35443086006643,216.68414306640625,62501000,13542975625.793457
2024-08-02,217.46808032420208,223.86859053089324,216.03914463167754,218.17263793945312,105568600,23032179945.57495
2024-08-05,197.562059997048,211.8614726265992,194.4957781490091,207.6639404296875,119548600,24825933348.85254
2024-08-06,203.72440665766518,208.37841518370308,199.52687447574846,205.63958740234375,69660500,14324956478.240967
2024-08-07,205.31211338628992,212.00039184379946,204.80603289763474,208.209716796875,63516400,13224731655.957031
2024-08-08,211.47445056104476,212.5560815310077,207.22729938249148,211.67291259765625,47161100,9982727398.309326
2024-08-09,210.47223285968454,215.11630867247783,210.34322570654538,214.58045959472656,42201600,9055638723.632812
2024-08-12,214.65994894888794,218.07748700588166,214.1930149246267,216.11041259765625,38028100,8218268381.304932
2024-08-13,217.58072790378117,220.44193777769505,217.58072790378117,219.82598876953125,44155300,9706482481.915283
2024-08-14,219.13056699635618,221.57450454206742,218.2662343099079,220.27305603027344,41960600,9242789594.863892
2024-08-15,223.13426697458056,223.8793724762866,221.30626328939533,223.25347900390625,46414000,10362086974.487305
2024-08-16,222.45869413327577,225.34970708383625,222.19045191126241,224.57479858398438,44340200,9957691484.173584
2024-08-19,224.2469437652095,224.51518597934856,221.58442566604344,224.41583251953125,40687800,9130986510.388184
2024-08-20,224.2966382287883,225.68749582093912,223.97871925960482,225.03179931640625,30299000,6818238487.487793
2024-08-21,225.04172779494317,226.4921913011218,223.58131984717622,224.92250061035156,34765500,7819543194.969177
2024-08-22,226.30341677619586,226.84983046212884,222.43880384726458,223.064697265625,43695300,9746878866.430664
2024-08-23,224.187342377279,226.73063334528243,222.866020162344,225.35963439941406,38677300,8716302187.556458
2024-08-26,225.28014571740593,225.79675641202357,222.4288803537143,225.69740295410156,30602200,6906837064.682007
2024-08-27,224.52511915345738,227.35652605602343,223.4223624308928,226.5418701171875,35934600,8140691485.913086
2024-08-28,226.43257756563742,228.35991942602843,224.20719049274723,225.0119171142578,38052200,8562198472.415161
2024-08-29,228.59837969678284,231.3999685703833,227.38634017099784,228.29039001464844,51906300,11849709471.217346
2024-08-30,228.68776005113654,228.89638108151303,225.9954391052015,227.50552368164062,52990800,12055699704.309082
2024-09-03,227.05848641015993,227.50554667965343,219.72664341730942,221.3162078857422,50190600,11107993263.510132
2024-09-04,220.2134333758585,220.33264539565292,216.06070449558098,219.40872192382812,43840200,9618922250.88501
2024-09-05,220.1836359939166,224.00850159902006,220.07435325324454,220.92874145507812,36615400,8089394239.874268
2024-09-06,222.4884846157397,223.7700744804958,218.33577084564575,219.37892150878906,48423000,10622985516.220093
2024-09-09,219.37894424631622,219.82600453136772,215.29576534565257,219.46835327148438,67180000,14743883972.77832
2024-09-10,217.49133220778626,220.03462329185413,215.3156216628219,218.67356872558594,51591000,11281588084.121704
2024-09-11,220.01474349397893,221.63409569372266,216.46803428284608,221.2069091796875,44587100,9862974580.285645
2024-09-12,221.04796566036197,222.09111639532034,218.38546260882887,221.3162078857422,37455600,8289531356.085205
2024-09-13,222.12089674811224,222.57788625371046,220.461797151476,221.04794311523438,36766600,8127181305.340576
2024-09-16,215.126845002842,215.80241517960704,212.52394807405793,214.90829467773438,59357400,12756397610.50415
2024-09-17,214.34200737227792,215.48449636527135,213.10016491936787,215.37521362304688,45519300,9803728961.471558
2024-09-18,216.13026348358338,221.25659276615585,216.12031904206836,219.24977111816406,59894900,13131943116.145325
2024-09-19,223.52171975466862,228.32020097310811,223.16406850984052,227.3763885498047,66781300,15184490816.661072
2024-09-20,228.4692229235467,231.56885703306253,226.13455289925716,226.7107696533203,318679900,72248165402.04315
2024-09-23,225.85633703509038,227.95256742425389,224.33632328684277,224.9920196533203,54146000,12182417896.148682
2024-09-24,227.15781488965328,227.85325878901892,224.25687274556688,225.88616943359375,43556100,9838720584.466553
2024-09-25,223.46212556085433,225.80672508020004,222.55807563659724,224.89273071289062,42308700,9514919075.912476
2024-09-26,225.81663654010723,227.00880227293717,223.9389713421174,226.0352020263672,36636700,8281183886.079407
2024-09-27,226.9690772008412,228.02215721764472,225.81664372013879,226.30343627929688,34026000,7700200722.839355
2024-09-30,228.5387415800987,231.47943115234375,228.1512873446241,231.47943115234375,54541900,12625327985.968018
2024-10-01,228.02214574584622,228.15128705136544,222.2798675150603,224.73374938964844,63285000,14222275330.123901
2024-10-02,224.41581191372453,225.8861489969152,221.56454675744345,225.3000030517578,32880600,7407999280.343628
2024-10-03,223.67072564154154,225.3298253274289,221.8626109260752,224.197265625,34044200,7632616550.390625
2024-10-04,226.41271278943105,226.5120662505933,222.66732681912907,225.3199005126953,37245100,8392062226.585388
2024-10-07,223.0349151567562,224.2171516536621,219.8856043654075,220.24325561523438,39505400,8700797910.38208
2024-10-08,222.83622285599392,224.50525191173782,221.79307211654884,224.296630859375,31855700,7145126183.666992
2024-10-09,223.76015205132026,228.25065892191472,223.36276850208282,228.04202270507812,33591100,7660182388.88855
2024-10-10,226.2934858996686,228.00226223679437,225.68746620848788,227.54525756835938,28183500,6413021766.677856
2024-10-11,227.8035664938185,227.9128492283195,225.85635099522128,226.0649871826172,31759200,7179643140.930176
2024-10-14,227.20748901369805,230.21771386522883,227.1081507143634,229.79052734375,39882100,9164528790.576172
2024-10-15,232.08544385770335,235.9401275315396,230.853530735341,232.32388305664062,64751400,15043296681.35376
2024-10-16,230.0885464878877,230.60514196799298,228.34002283458457,230.26736450195312,34082200,7848018370.428467
2024-10-17,231.9066247344228,232.3238971476739,229.0156269629083,230.63497924804688,32993800,7609524378.314209
2024-10-18,234.6386615701971,234.6386615701971,232.4828249974097,233.46636962890625,46431500,10840193741.42456
2024-10-21,232.9199708414818,235.30431748145634,232.9199708414818,234.9367218017578,36254500,8517513380.561829
2024-10-22,232.36364046895116,234.67843677993508,231.0820656392084,234.32078552246094,38846600,9102565826.876831
2024-10-23,232.55239985265487,233.60547988580885,226.27363678517082,229.25405883789062,52287000,11987006974.456787
2024-10-24,228.4791312160334,229.31366084202813,226.91938502162782,229.06529235839844,31109500,7126106712.623596
2024-10-25,228.24072625952675,231.69801159617745,228.07183749564092,229.8998260498047,38802300,8920642020.332336
2024-10-28,231.7973512193415,233.19813797949908,231.032372026897,231.87681579589844,36087100,8367761839.3081665
2024-10-29,231.5787930163908,232.80076177889833,230.80388451731673,232.1450653076172,35417200,8221928207.012939
2024-10-30,231.09197226998216,231.94636045913163,228.05194445904854,228.59835815429688,47070900,10760330456.845093
2024-10-31,227.84333875182722,228.33014650168323,223.8992454954501,224.43572998046875,64370100,14446950382.415771
2024-11-01,219.5279346472888,223.87935529424118,218.83250593091054,221.4552764892578,65276700,14455869646.806335
2024-11-04,219.54779428408165,221.33603510883145,218.27614895309117,220.56112670898438,44944500,9913009559.371948
2024-11-05,220.3525342324639,222.48849724939907,219.69683776020295,221.99176025390625,28111300,6240476970.025635
2024-11-06,221.15722727351368,224.59465366535846,219.7464961432124,221.26651000976562,54561100,12072544179.293823
2024-11-07,223.16406118155706,226.39285156162418,223.10445516924474,225.99545288085938,42137700,9522928594.857788
2024-11-08,225.93576400556717,227.41767417057122,225.17989861433574,225.72691345214844,38328800,8651841720.324707
2024-11-11,223.77757009002366,224.47376393957063,220.29658566640109,223.01174926757812,42005600,9367742335.03418
2024-11-12,223.33001798502116,224.36436096493557,222.14648085284745,223.01174926757812,40398300,9009295550.436401
2024-11-13,222.79295685996902,225.41861323491412,221.54974806168275,223.8969268798828,48566200,10873822930.233765
2024-11-14,223.79747584076947,227.62654977508777,223.77758025105393,226.98008728027344,44923900,10196830742.970276
2024-11-15,225.1699449930133,225.6871240415238,223.05152776948486,223.77755737304688,47923700,10724248526.278687
2024-11-18,224.0262188410909,228.49183017609323,223.94665165924164,226.7811737060547,44633700,10122082872.843933
2024-11-19,225.74680903538962,228.90953992555222,225.4285554930197,227.0397491455078,36211800,8221517988.1073
2024-11-20,226.82093350733243,228.68076882556113,224.66272507245372,227.75582885742188,35169600,8010081398.583984
2024-11-21,227.63650237265796,228.90954693288327,224.48372676835862,227.27845764160156,42108300,9570309477.909851
2024-11-22,226.82094518602503,229.46649702017746,226.82094518602503,228.62110900878906,38168300,8726079074.980164
2024-11-25,230.20248468460477,231.98275293866183,228.49182822914253,231.6048126220703,90152800,20879822351.35498
2024-11-26,232.06231657216094,234.29015208323423,232.06231657216094,233.7829132080078,45986200,10750787803.366089
2024-11-27,233.19611792325418,234.40949083683986,232.53970008294309,233.6536102294922,33498400,7827022096.911621
2024-11-29,233.5342752849028,236.51797629056327,232.698842645531,236.04058837890625,28481400,6722766413.85498
2024-12-02,235.98089694287458,239.4817615684827,235.8714939748314,238.2882843017578,48137100,11470506970.262146
2024-12-03,238.5070985351772,241.44106801091166,237.60203896586935,241.3316650390625,38861000,9378389835.083008
2024-12-04,241.55047375645148,242.78374225546824,239.9392801306149,241.68971252441406,44383900,10727132031.712341
2024-12-05,242.6644095132275,243.21140922639395,240.81451427308068,241.7195587158203,40033900,9676976641.673279
2024-12-06,241.5902721155965,243.3009285590703,240.76477968960373,241.52064514160156,36870600,8905011098.757935
2024-12-09,240.51612576959502,245.89673657618508,240.43655859300793,245.40939331054688,44649200,10957333083.80127
2024-12-10,245.54865007065558,246.861485816723,244.0070681600661,246.4238739013672,36914800,9096688020.29419
2024-12-11,246.61281718111218,249.43738355757404,244.92204129682997,245.1508026123047,45205800,11082238152.731323
2024-12-12,245.54864477609476,247.3885997871069,244.34521203481492,246.6128387451172,32777500,8083352321.968079
2024-12-13,246.47359279661413,247.9355922748061,244.90217516923994,246.7819061279297,33155300,8182128132.243347
2024-12-16,246.6426692963963,250.01425073054844,246.3045049916291,249.67608642578125,51694800,12906955352.563477
2024-12-17,248.72129232893911,252.45091820627584,248.42291922357487,252.10281372070312,51356400,12947092942.565918
2024-12-18,250.7900177691265,252.89849494785605,246.39403346062903,246.7023468017578,56774100,14006303707.557678
2024-12-19,246.15532490458142,250.6308762664829,245.7475488049507,248.43287658691406,60882300,15125164922.227478
2024-12-20,246.69240643268387,253.61459983498276,244.35518295150268,253.1073760986328,147495300,37332148369.88068
2024-12-23,253.38583418491564,254.26104280923545,252.07299848460428,253.88311767578125,40858800,10373359528.49121
2024-12-24,254.10192745486222,256.80713572411884,253.90300191480816,256.7972106933594,23234700,5966606151.296997
2024-12-26,256.78725468311694,258.6868812844183,256.23029959445824,257.61273193359375,27237100,7016623740.948486
2024-12-27,256.42919055718573,257.29448932345014,251.68511699924173,254.2013702392578,42355300,10766775296.894836
2024-12-30,250.8596392638085,252.122743648892,249.38768429964367,250.82980346679688,35557500,8918880736.77063
2024-12-31,251.06850844936815,251.90394112888606,248.07485191726244,249.05947875976562,39480700,9833042563.070679
2025-01-02,247.57756417344766,247.74665392379396,240.5062071395791,242.52517700195312,55740700,13518523133.712769
2025-01-03,242.03782653808594,242.85336358935695,240.5758118291158,242.03782653808594,40244100,9740594494.981384
2025-01-06,242.98266113735735,245.98625772407811,241.87869116125097,243.66891479492188,45045600,10976212468.286133
2025-01-07,241.6598944370817,244.21593900697974,240.03876048613398,240.8940887451172,40856000,9841968889.770508
2025-01-08,240.6056476428208,242.38593107741448,238.74581220273618,241.38140869140625,37628900,9082916889.508057
2025-01-10,238.70600665338932,238.85520080045117,231.73409784256125,235.5631866455078,61710900,14536816254.762268
2025-01-13,232.26124214226888,233.39504797306242,228.4719441071402,233.1265106201172,49630700,11570231910.63385
2025-01-14,233.47460320476435,234.8371551382162,231.20699165927476,232.01258850097656,39435300,9149486031.312561
2025-01-15,233.36520475508792,237.66174156203553,233.15633900368562,236.57765197753906,39832000,9423361033.569336
2025-01-16,236.06049286491137,236.71689557722044,226.79112077355302,227.01986694335938,71759100,16290741333.97522
2025-01-17,230.85888730040747,231.0279618693864,227.2386640256131,228.7305145263672,68488300,15665364098.036194
2025-01-21,222.78301644137267,223.20073277609362,218.18812158355374,221.43040466308594,98070400,21715768357.470703
2025-01-22,218.59586314481808,222.90233985709415,218.59586314481808,222.61392211914062,64126500,14275451676.773071
2025-01-23,223.51898889751178,225.7965406078772,221.09224303438072,222.44485473632812,60234800,13398921336.071777
2025-01-24,223.55875977197638,224.4041477572621,220.2070739772995,221.5696258544922,54697900,12119393238.026428
2025-01-27,222.80290778981754,230.888727332658,222.76311661057002,228.61117553710938,94863400,21686833389.44702
2025-01-28,229.5957855991,238.88503723433337,229.55599442275542,236.96551513671875,75707600,17940090433.76465
2025-01-29,232.84803349366265,238.55685383878983,232.73863051084334,238.0595703125,45486100,10828401421.191406
2025-01-30,237.37331330002667,239.48179056573835,235.9212539220553,236.29917907714844,55658300,13152010598.82965
2025-01-31,245.8470107317681,245.8470107317681,232.1717149504871,234.71780395507812,100959800,23697062543.743896
2025-02-03,228.7404632470789,230.5704628324937,224.47376244068877,226.77120971679688,73063300,16568652926.901245
2025-02-04,226.0153521080233,231.86341095944582,225.4186058340825,231.5352020263672,45067300,10434666410.282898
2025-02-05,227.2883891710869,231.4058958330951,227.0298072213747,231.2069854736328,39620300,9160490126.560974
2025-02-06,230.03338922164468,232.5297620441898,229.17806101517482,231.95291137695312,29925300,6941260458.828735
2025-02-07,231.33627899238985,232.72866665415378,226.0252799376335,226.39328002929688,39707200,8989443248.779297
2025-02-10,228.57377553913867,229.58933825388894,226.21404995469493,226.66209411621094,33115600,7506051243.914795
2025-02-11,227.2097022258532,234.20919368357846,227.140013897382,231.6105194091797,53718400,12441746525.830078
2025-02-12,230.19670873650108,235.93172304376256,229.67896101319025,235.84210205078125,45243300,10670274975.714111
2025-02-13,235.88194100703416,241.28837041996871,234.54775953627293,240.4818878173828,53614100,12893219981.629944
2025-02-14,240.203075232316,244.48441805735465,239.9442089936196,243.53854370117188,40896200,9959800990.911865
2025-02-18,243.0905000064508,244.11602908498713,240.7905267294893,243.40911865234375,48822500,11883841695.404053
2025-02-19,243.5982928571997,244.94242536854557,242.10480216065562,243.807373046875,32204200,7851621403.076172
2025-02-20,243.87707690453925,245.70908851524857,243.2298884862767,244.76321411132812,32316900,7909988314.11438
2025-02-21,244.88269415360097,247.61080936192474,244.15586625078134,244.48443603515625,53197400,13005936337.536621
2025-02-24,243.86711335623195,247.7800669312537,243.3593319822528,246.0277099609375,51326400,12627716652.539062
2025-02-25,246.92381259977986,248.91513366913293,243.84722519384715,245.9679718017578,48013300,11809734020.509338
2025-02-26,243.26972892021308,243.91690216055417,238.0922974197643,239.31695556640625,44433600,10633713876.855469
2025-02-27,238.37109275336516,241.40786042901627,236.0312844149354,236.27024841308594,41153600,9723371295.092773
2025-02-28,235.9217631442628,241.03945773883657,229.20105446423008,240.79054260253906,56833400,13684945223.947144
2025-03-03,240.74073286620586,242.97101773746803,235.0853888180174,236.99705505371094,47184000,11182469045.654297
2025-03-04,236.6784633674393,239.02822274747484,233.6615980851158,234.9061737060547,53798100,12637505823.6557
2025-03-05,234.3983766092207,235.5234777567522,228.23523611666363,234.7169952392578,47227600,11085120364.361572
2025-03-06,233.42263965762712,236.82779659290307,232.14819548977783,234.30877685546875,45170400,10583821174.072266
2025-03-07,234.08974000390756,240.32256924437755,233.74125275300776,238.03256225585938,46273600,11014623572.802734
2025-03-10,234.5178647329352,235.13518456664028,223.24699590534985,226.4928436279297,72071200,16323611031.677246
2025-03-11,222.8387656202518,224.8599551431671,216.50636447278404,219.88165283203125,76137400,16741217354.333496
2025-03-12,219.18469713036333,220.78771110845915,213.9773970817033,216.0384063720703,62547500,13512662222.557068
2025-03-13,215.01287598245443,215.899013195213,207.51555384047248,208.77008056640625,61368300,12811864935.223389
2025-03-14,210.3332680009786,213.02154815111564,208.67051688888432,212.5635528564453,60107600,12776685009.674072
2025-03-17,212.3843267022667,214.28604179494317,209.05882446828872,213.0713348388672,48073400,10243063508.242798
2025-03-18,213.23063555765447,214.21632963340127,210.57222410469132,211.7670135498047,42432400,8985782625.750732
2025-03-19,213.2904064715071,217.81069873114322,212.82244479269733,214.3059844970703,54385400,11655116689.266968
2025-03-20,213.0613904363763,216.5462020975973,211.29906714235267,213.17091369628906,48862900,10416149038.850403
2025-03-21,210.6419412957371,217.8903488075446,210.36315756009637,217.3228302001953,94127800,20456119896.517944
2025-03-24,220.04097309502072,220.5188858867363,217.63147647971348,219.7721405029297,44299500,9735795938.209534
2025-03-25,219.81197343150768,223.12752472855482,219.1249652538438,222.77903747558594,34493600,7684451007.067871
2025-03-26,222.5400680439697,224.04352508950674,219.51326687455483,220.56866455078125,34466100,7602141649.273682
2025-03-27,220.4292696466093,224.0136533961419,219.6028696378956,222.87860107421875,37094800,8267637131.12793
2025-03-28,220.7080664246457,222.8387793372666,216.73537546649092,216.9544219970703,39818600,8638821347.732544
2025-03-31,216.0682695484103,224.6409066608951,215.29165561007284,221.1660614013672,65299300,14441988993.266296
2025-04-01,218.85612876373423,222.70932997882656,217.95007407622174,222.22146606445312,36412700,8091683577.365112
2025-04-02,220.3595869543347,224.21278818927524,220.06088576879955,222.91842651367188,35905900,8004086730.557251
2025-04-03,204.64805110026137,206.58960121618028,200.37667426890133,202.30825805664062,103419000,20922517739.959717
2025-04-04,193.04863012782926,199.01264249852213,186.52705026060866,187.5625457763672,125910900,23616168944.99359
2025-04-07,176.43103817745248,193.30748067285785,173.86223225537526,180.6725616455078,160466300,28991857478.77655
2025-04-08,185.88981432593783,189.5140179775097,168.47572171547168,171.67178344726562,120859500,20748165911.5448
2025-04-09,171.20381523449285,199.7394480269994,171.14407803694525,197.98709106445312,184395900,36508007845.21179
2025-04-10,188.24954112448538,193.93475416517637,182.20587449762067,189.5936737060547,121880000,23107676951.293945
2025-04-11,185.2924188893916,198.67408279715283,185.2525839628914,197.2901153564453,87435900,17250238797.294617
2025-04-14,210.5224325383335,212.01592310379547,200.28704507843972,201.64114379882812,101352900,20436914683.328247
2025-04-15,200.98403365195668,202.62686743682656,198.93297540670014,201.2628173828125,51343900,10333617969.421387
2025-04-16,197.49921927320653,199.82906121923162,191.5352073519423,193.42697143554688,59732400,11553857228.57666
2025-04-17,196.34424488667963,197.9671763411939,193.5763099497932,196.1251983642578,52164700,10230812135.112
2025-04-21,192.43131586910098,192.9590147372882,188.98632373298676,192.32179260253906,46742500,8989601390.724182
2025-04-22,195.26892870764283,200.7151927551101,195.11958571249494,198.87322998046875,52976400,10535587780.737305
2025-04-23,205.1060461943045,207.0973670311424,201.9199358938783,203.71212768554688,52929200,10782319948.693848
2025-04-24,204.00088023313933,207.92378505310097,202.0593452871763,207.4657745361328,47311000,9815413259.07898
2025-04-25,205.47445049920006,208.8397878176709,205.30519003897632,208.371826171875,38222300,7964450451.489258
2025-04-28,209.08871177088434,210.5822025692478,206.55974070372147,209.2281036376953,38743100,8106145342.045593
2025-04-29,207.78438836336602,211.31898611202763,207.46576971677675,210.29345703125,36827600,7744603318.1640625
2025-04-30,208.39173986928208,212.65316547487808,205.7731479657814,211.57785034179688,52286500,11062665271.896362
2025-05-01,208.1726964341785,213.62891164873253,207.99346964638974,212.39430236816406,57365700,12184147831.36139
2025-05-02,205.19567188008233,206.0917754590827,201.2827333487594,204.45889282226562,101010600,20652515439.312744
2025-05-05,202.21865389928206,203.21431440062256,197.34987465543003,198.02691650390625,69018500,13667520736.724854
2025-05-06,197.3498583398735,199.77925700053618,196.165020010421,197.64854431152344,51216500,10122866669.73114
2025-05-07,198.30570335142838,198.574535944944,192.41139491378883,195.39837646484375,68536700,13391959908.258057
2025-05-08,196.86200854076802,199.18189948520052,193.8351919089676,196.6330108642578,50478900,9925818092.115784
2025-05-09,198.1364339272832,199.6697443694255,196.6827629534363,197.66847229003906,36453900,7205786722.013855
2025-05-12,210.32995926202443,210.6290521628615,206.1227607044075,210.15049743652344,63775800,13402516094.412231
2025-05-13,209.79158118866218,212.75257189298435,208.36592688565332,212.28399658203125,51909300,11019513663.775635
2025-05-14,211.78549375335473,213.29092224655892,209.9411156617564,211.68580627441406,49325800,10441571743.130493
2025-05-15,210.31000386923802,212.31391554357438,208.90427796298633,210.80848693847656,45029500,9492600762.59613
2025-05-16,211.71573318604425,211.92510277199543,209.1335944967917,210.6190643310547,54737900,11528845281.446838
2025-05-19,207.27923550566183,208.84446444770495,203.64029993754312,208.14659118652344,46140500,9603987790.641785
2025-05-20,207.03996203611737,207.83753801206538,204.40797196423648,206.232421875,42496600,8764176739.453125
2025-05-21,204.54755595275296,206.4118779017609,200.10109516487896,201.47689819335938,59211800,11929809800.445557
2025-05-22,200.1010930441042,202.13489740214874,199.0941474443519,200.74911499023438,46742400,9383495432.519531
2025-05-23,193.0824298832746,197.10020219746903,192.8730755135501,194.67758178710938,78432900,15269127304.55017
2025-05-27,197.6983910952664,200.1309909415137,196.83102019804124,199.60260009765625,56288500,11235330955.596924
2025-05-28,199.98143310081724,202.11494001836002,199.2935240345892,199.81195068359375,45339700,9059413900.408936
2025-05-29,202.96236033905296,203.19165828241367,197.90773491315443,199.34336853027344,51396800,10245611243.676758
2025-05-30,198.7651407343476,201.3472946799051,196.18300200128658,200.24066162109375,70819900,14181023631.939697
2025-06-02,199.67238359256916,201.51677709467234,199.51286535414474,201.08807373046875,35423300,7123203162.176514
2025-06-03,200.73914706631285,203.1518034040851,200.35033086337637,202.6533203125,46381600,9399385241.40625
2025-06-04,202.29440469878628,205.6143037964219,201.48686455307688,202.20468139648438,43604000,8816932927.612305
2025-06-05,202.8826044104843,204.12881205428334,199.54276184010462,200.0213165283203,55126100,11026395097.071838
2025-06-06,202.38413874603313,205.07594444547604,201.43702389784912,203.3013458251953,46607700,9475408135.816956
2025-06-09,203.76990423179717,205.3750202901374,199.41316716451473,200.8388214111328,72862600,14633638708.950806
2025-06-10,199.99141796230995,203.73004106569937,199.96151019448254,202.0551300048828,54672600,11046879300.704956
2025-06-11,202.88260699920767,203.8795731269679,197.80805305990708,198.1769256591797,60989900,12086790878.260803
2025-06-12,198.47602627663701,199.07419684911244,196.7612432530472,198.5956573486328,43904600,8719262897.628784
2025-06-13,199.12403626091725,199.76209396079906,195.1062640673262,195.85398864746094,51447300,10076158910.142517
2025-06-16,196.701426450214,198.08720880439395,195.96366601516638,197.81802368164062,43020700,8510269851.400757
2025-06-17,196.60172782081946,197.7881200100286,194.61777485692886,195.0464630126953,38856200,7578764376.113892
2025-06-18,195.34553910938874,196.97059871241268,194.4781834746436,195.9835968017578,45394700,8896616581.736755
2025-06-20,197.63859168364695,201.0880863339216,196.26277341287403,200.3902130126953,96813500,19400477887.504578
2025-06-23,201.01828233775666,201.686247808318,198.3563846401482,200.888671875,55814300,11212460598.632812
2025-06-24,201.9753521214132,202.82277936444737,199.59260382672892,199.6923065185547,54064000,10796164859.61914
2025-06-25,200.83881944772682,203.052085424857,200.01133575244882,200.948486328125,39525700,7942629586.05957
2025-06-26,200.81890119127095,202.02523702778157,198.85489170599743,200.3902130126953,50799100,10179642469.85321
2025-06-27,201.27751091280393,202.6034778198992,199.39324535272064,200.469970703125,73188600,14672116497.802734
2025-06-30,201.39711462840114,206.76079706763053,198.65545787730727,204.5475311279297,91912800,18800536319.055176
2025-07-01,206.04299395149746,209.55231908550664,205.51460310500556,207.18951416015625,78788900,16324233912.213135
2025-07-02,208.2761972389462,212.69274987948137,207.5085290616707,211.7954864501953,67941800,14389766581.30188
2025-07-03,211.5063683517463,213.9987837940836,211.16740350258758,212.90213012695312,34955800,7442164280.291748
2025-07-07,212.03474730839852,215.57398008038285,208.16652910348648,209.3130340576172,50229000,10513584387.680054
2025-07-08,209.46258702266434,210.78853856973336,207.81758380403343,209.3728485107422,42848900,8971396248.55194
2025-07-09,208.8943192909964,210.6888614301138,206.59132988433592,210.4994354248047,48749400,10261721177.297974
2025-07-10,209.87133445003573,212.83232507172787,209.39279496736208,211.7655792236328,44443600,9411624696.783447
2025-07-11,209.93115706069412,211.48642172848318,209.22330444266433,210.5193634033203,39765800,8371470901.223755
2025-07-14,209.29309904361602,210.27013683517245,206.91035052542594,207.98707580566406,38840100,8078238822.999573
2025-07-15,208.5852528191871,211.24715053377864,208.28615994072268,208.4755859375,42296300,8817745925.488281
2025-07-16,209.6619745482938,211.75559423754484,208.00700716596054,209.52239990234375,47490500,9950323532.562256
2025-07-17,209.93117746335784,211.1574416148312,208.95413964633332,209.38284301757812,48068100,10064635436.453247
2025-07-18,210.23024956462245,211.1474566075158,209.06380098140497,210.539306640625,48974600,10311078327.001953
2025-07-21,211.45652088357517,215.12534891613055,210.98794558852114,211.83535766601562,51377400,10883549904.949951
2025-07-22,212.49337032996837,214.29787667610697,211.5861274580158,213.74954223632812,46404100,9918855132.888794
2025-07-23,214.3477172095632,214.4972560435483,211.76557859278188,213.5002899169922,46989300,10032229172.996521
2025-07-24,213.25105536667797,215.03563331063384,212.8821827557749,213.11148071289062,46022600,9807944432.25708
2025-07-25,214.04862920984866,214.58699944946258,212.7525701732737,213.2311248779297,40268800,8586561521.484375
2025-07-28,213.3806606658472,214.19818019857897,212.41360229785764,213.40060424804688,37858000,8078920075.622559
2025-07-29,213.53018805628847,214.15828155569844,210.18039662608902,210.6290283203125,51411700,10828796415.29541
2025-07-30,211.25711581327238,211.74563469104578,207.0898047125579,208.415771484375,45512500,9485522799.682617
2025-07-31,207.85746883247032,209.2033639475293,206.5315020865265,206.9402618408203,80698400,16699748026.135254
2025-08-01,210.23023901853355,212.93202387361222,200.88867142379772,201.76600646972656,104434500,21071332002.66266
2025-08-04,203.8895472057539,207.24933356384108,201.06813110178,202.7330780029297,75109300,15227139575.645447
2025-08-05,202.78290655256814,204.71702329589334,201.54667827641916,202.3043670654297,44155100,8932769558.210754
2025-08-06,205.00615029681612,214.72657006985978,204.96626313259566,212.60302734375,108483100,23063835475.634766
2025-08-07,218.2159523061407,220.1799768073744,215.92292715514498,219.36245727539062,90224800,19791933835.180664
2025-08-08,220.16003429974123,230.29917810781973,218.58482597462978,228.65419006347656,113854000,26033194155.48706
2025-08-11,227.4864157407103,229.12329528601256,224.3324234952035,226.74781799316406,61806100,14014398313.667297
2025-08-12,227.57622481823222,230.36092560837628,226.63802588155738,229.21310424804688,55626200,12750253979.522705
2025-08-13,230.6304284784954,234.55294488479396,229.99163136972763,232.88612365722656,69878500,16273732991.981506
2025-08-14,233.61473725595164,234.67271834509882,230.41085227691244,232.33717346191406,51916300,12062086398.600769
2025-08-15,233.5548328767578,233.834298979768,228.9036945156081,231.1494140625,56038700,12953312669.824219
2025-08-18,231.2592012143754,232.67649791960375,229.6722297518056,230.45074462890625,37476200,8636418195.861816
2025-08-19,230.84001516813981,232.42698672077375,228.9136940815642,230.1213836669922,39402600,9067380832.077026
2025-08-20,229.54248102593337,230.0315543310328,225.3404986724704,225.5800323486328,42263900,9533891929.179382
2025-08-21,225.8395414786139,226.08906587116957,223.3542730460458,224.47213745117188,30621200,6873606215.319824
2025-08-22,225.73973438952316,228.65417758009713,224.98118568943215,227.3267059326172,42477800,9656338349.264526
2025-08-25,226.0491451945495,228.86378779922748,225.79962078901826,226.7278594970703,30983100,7024731943.583679
2025-08-26,226.43840339540802,229.0534295301293,224.26255788237486,228.87376403808594,54575100,12490808559.754944
2025-08-27,228.17510050695543,230.46073738560713,227.82576024347395,230.05152893066406,31259500,7191295768.608093
2025-08-28,230.3809040856524,232.9659733126178,228.90370861616245,232.11758422851562,38074700,8837807384.225464
2025-08-29,232.0676707602769,232.9360260407387,230.92984008944924,231.69837951660156,39418400,9133179403.137207
2025-09-02,228.81388239599917,230.4108447009183,226.53822101083426,229.28298950195312,44075600,10105785332.092285
2025-09-03,236.75874463665696,238.395624134605,233.9141603097862,238.01634216308594,66427800,15810901973.94104
2025-09-04,237.9963808412042,239.4436193831587,236.28964239378743,239.3238525390625,47549400,11379705593.920898
2025-09-05,239.54341659874092,240.86091270031892,238.03629475202086,239.2340087890625,54870400,13126865755.859375
2025-09-08,238.84475646782593,239.69313028194867,235.89038089866295,237.42745971679688,48999500,11633826812.393188
2025-09-09,236.54912730927947,238.3257397896772,232.9160527142261,233.9041748046875,66313900,15511098057.580566
2025-09-10,231.7482872752143,231.97784546194652,225.52015268533836,226.35855102539062,83440800,18887538584.399414
2025-09-11,226.44839058875493,230.01159113632517,226.21881717306923,229.59239196777344,50208600,11527512571.35315
2025-09-12,228.78394562468256,234.0638755168574,228.58432913969838,233.62472534179688,55824200,13041913392.425537
2025-09-15,236.54912714503797,237.7368657054393,234.58287368836292,236.24969482421875,42699500,10087743844.146729
2025-09-16,236.72878926810645,240.76111223381088,235.87043992435724,237.6969451904297,63421100,15075001730.61676
2025-09-17,238.5153883976145,239.6432435766681,237.27774187166392,238.5353546142578,46508000,11093802272.399902
2025-09-18,239.5134800259323,240.74113579799257,236.199788714976,237.42745971679688,44249600,10506070121.484375
2025-09-19,240.77107799962133,245.83144010441063,239.7530294205925,245.032958984375,163741300,40122015246.94824
2025-09-22,247.82763635806887,256.15178189089505,247.64797087114997,255.5928192138672,105517400,26969489742.11731
2025-09-23,255.39322235208516,256.8504363399061,253.0975947938589,253.9459686279297,60275200,15306644048.242188
2025-09-24,254.73446948849343,255.2534845023776,250.56241362070242,251.8300018310547,42303700,10653340848.460388
2025-09-25,252.72829161839874,256.6807646844572,251.2311452680336,256.3813171386719,55202100,14152787106.820679
2025-09-26,253.61660096533106,257.10994249251326,253.2972024297037,254.97401428222656,46076300,11748259174.272156
2025-09-29,254.0757261912774,254.5148915782133,252.52867184357527,253.9459686279297,40127700,10190267645.310974
2025-09-30,254.37515755125318,255.4331385813304,252.6284867333586,254.14559936523438,37704300,9582381922.146606
2025-10-01,254.55481135314994,258.29769267334166,254.44502000530687,254.9640350341797,48713900,12420292506.251526
2025-10-02,256.09186667190835,257.68882891050583,253.66649683440303,256.6408386230469,42630200,10940650278.668213
2025-10-03,254.18552630266564,258.7468246365968,253.46689477740222,257.5291442871094,49155600,12658999604.919434
2025-10-06,257.49920544747016,258.5771679771474,254.56481112131073,256.2016906738281,44664100,11443017932.424927
2025-10-07,256.3214394907812,256.91031341337026,254.94405994391948,255.99208068847656,31955800,8180431732.064819
2025-10-08,256.03198246417537,258.0281776413904,255.62275879770374,257.5690612792969,36496900,9400472272.60437
2025-10-09,257.3195337882977,257.50917476461467,252.65841993311406,253.55670166015625,38322000,9716799921.020508
2025-10-10,254.45500785015722,255.8922708493858,243.53581752909898,244.80340576171875,61999100,15177590834.161377
2025-10-13,248.90558714178317,249.2149949644775,245.09284695690994,247.18885803222656,38142900,9428499893.037415
2025-10-14,246.13087266264282,248.37659224814226,244.23447809703134,247.29864501953125,35478000,8773661328.00293
2025-10-15,249.01537013681215,251.3409393203658,246.99920876557604,248.8656463623047,33893600,8434952671.54541
2025-10-16,247.7777291727393,248.56621957555782,244.66366953460536,246.979248046875,39777000,9824093549.560547
2025-10-17,247.5481624372989,252.89796599708643,246.79958926324147,251.81002807617188,49147000,12375707449.85962
2025-10-20,255.4032084113237,263.87706298772724,255.14370850365398,261.7411193847656,90483000,23683121705.291748
2025-10-21,261.38182000576944,264.7853366806196,261.33189684706855,262.2701110839844,46695900,12246938880.166626
2025-10-22,262.15033525743416,262.349966966352,254.94406918261987,257.9583435058594,45015300,11612072220.419312
2025-10-23,259.4454820834593,260.12418111371363,257.51916110368444,259.0861511230469,32754900,8486340971.420288
2025-10-24,260.69310343226954,263.6275126875418,258.68691759501684,262.32000732421875,38253700,10034710864.178467
2025-10-27,264.37609822840903,268.60802232244004,264.1465248140549,268.2986145019531,44888200,12043441867.486572
2025-10-28,268.4782600095115,269.3765722048576,267.63986169210665,268.4882507324219,41534800,11151605796.520996
2025-10-29,268.76770579477784,270.8936584399069,266.6018207191691,269.1869201660156,51086700,13751871434.44519
2025-10-30,271.4725408872279,273.6184749716116,267.969239224885,270.8836669921875,69886500,18931111393.24951
2025-10-31,276.4630533049319,276.79244258078194,268.647962249571,269.85565185546875,86167100,23252678938.99536
2025-11-03,269.90556627002525,270.33474092754267,265.74348587775046,268.53814697265625,50194600,13479164872.033691
2025-11-04,267.8195068636227,270.9734988318123,267.11086611942017,269.5262756347656,49274800,13280853326.64795
2025-11-05,268.0989800730272,271.18312844251227,266.4221834255846,269.6260986328125,43683100,11778103829.187012
2025-11-06,267.38037702601645,272.8798740142925,267.38037702601645,269.25677490234375,51204000,13787023902.09961
2025-11-07,269.28671541495146,271.7719991063764,266.26248096015127,267.9592590332031,48227400,12922978369.0979
2025-11-10,268.7085692371889,273.4741297822401,267.20997142836535,269.1781311035156,41312400,11120394623.400879
2025-11-11,269.55775905965567,275.65206242273547,269.5477586519058,274.99267578125,46208300,12706944060.302734
2025-11-12,274.74292397164845,275.4722525277038,271.4460210796085,273.21435546875,48398000,13223028375.976562
2025-11-13,273.85374352181776,276.4413491841305,271.83564282199285,272.6948547363281,49602800,13526428340.515137
2025-11-14,270.7965900477885,275.70200347225597,269.3479639093673,272.15533447265625,47431300,12908681315.9729
2025-11-17,268.5687054184609,270.2371271729127,265.48159771217263,267.2099609375,45018300,12029338184.472656
2025-11-18,269.7376065335732,270.4569347049811,265.0719890725528,267.19000244140625,45677300,12204517898.516846
2025-11-19,265.2817633125939,271.9555110777923,265.2517925781922,268.3089294433594,40424500,10846254318.283081
2025-11-20,270.5768036466949,275.17250947675234,265.67142054546326,266.0010986328125,45823600,12189127943.310547
2025-11-21,265.70137680880595,273.0744516711978,265.4216397990326,271.2361755371094,59030800,16011288430.895996
2025-11-24,270.64675212306133,276.7410558404627,270.64675212306133,275.6620788574219,65585800,18079517971.5271
2025-11-25,275.012667049666,280.1179060838009,274.9926967216935,276.7110900878906,46914200,12981679422.601318
2025-11-26,276.70108254872224,279.26868736786383,276.3714044558947,277.29052734375,33431400,9270210535.839844
2025-11-28,277.0008150112318,278.73917862681736,275.73198274965245,278.5893249511719,20135600,5609563211.486816
2025-12-01,277.75011957449965,283.1550658399818,275.88187257202503,282.8353576660156,46587700,13176648792.337036
2025-12-02,282.7354345985028,287.1313151163589,282.36578537497866,285.9224548339844,53669500,15345315189.712524
2025-12-03,285.9324708384744,288.35019153510143,283.0351573834178,283.8843688964844,43538700,12359956372.073364
2025-12-04,283.83440686502166,284.46382276925783,278.32954829392816,280.4375915527344,43989100,12336197258.572388
2025-12-05,280.27774306596746,280.8771882481053,277.79005013345267,278.5193786621094,47265800,13164441247.96753
2025-12-08,277.86998437615557,279.4085531850005,275.8918244790692,277.6302185058594,38211800,10608750383.502197
2025-12-09,277.8999627322321,279.7682096639769,276.6611317163261,276.9208679199219,32193300,8914996577.20642
2025-12-10,277.490342786908,279.48847306800184,276.1815698919154,278.5193786621094,33038300,9201806788.052368
2025-12-11,278.83908758708685,279.3286197507982,273.5540244422053,277.77008056640625,33248000,9235299638.671875
2025-12-12,277.64021728323,278.9589906850317,276.5612402656973,278.0198669433594,39532900,10990931597.885132
2025-12-15,279.8880911943856,279.8880911943856,272.5849275039148,273.8537292480469,50409100,13804720023.03772
2025-12-16,272.5649667835892,275.2424541197232,271.53593087885605,274.353271484375,37648600,10329016576.80664
2025-12-17,274.75292651919426,275.90184538512057,271.38608172110213,271.58587646484375,50138700,13616962784.307861
2025-12-18,273.35420232069225,273.374203136776,266.7004552212896,271.935546875,51630700,14040222640.039062
2025-12-19,271.8955859651445,274.34330788170604,269.64768928264715,273.4141845703125,144632000,39544440342.77344
2025-12-22,272.6048920133635,273.62395794129594,270.25711338978425,270.7166748046875,36571800,9900596087.62207
2025-12-23,270.5868091030317,272.2452609569047,269.30800689497966,272.1053771972656,29642000,8065747590.881348
2025-12-24,272.085389177814,275.17249671786806,271.9455359163183,273.55401611328125,17910600,4899516560.998535
2025-12-26,273.9037084592662,275.1125687682936,272.6049054553,273.1444091796875,21521800,5878559345.483398
2025-12-29,272.4350823114352,274.10350406329195,272.0954038139857,273.50408935546875,23715200,6486204179.8828125
2025-12-30,272.5549704076282,273.82377221524894,272.02546707967076,272.82470703125,22139600,6040229883.7890625
2025-12-31,272.80472532736104,273.42414083736213,271.49595243002375,271.6058349609375,27293600,7413101017.089844
2026-01-02,272.0054842546519,277.58025431004916,268.7485221479618,270.75665283203125,37838100,10244917305.523682
2026-01-05,270.38700744645297,271.25618925068443,265.89121426121545,267.0101623535156,45647200,12188266282.983398
2026-01-06,266.7503924619391,267.2998660934885,261.8749496989937,262.1147155761719,52352100,13722255801.315308
2026-01-07,262.95395138764474,263.4334831315393,259.56710600115036,260.08660888671875,48309800,12564732057.995605
2026-01-08,256.7797203952787,259.0476178563403,255.46096229095477,258.7978515625,50419300,13048406517.285156
2026-01-09,258.8377955175017,259.9667440583015,255.98048371428257,259.1275329589844,39997000,10364323935.760498
2026-01-12,258.9177364764393,261.05572011368304,256.5599267903311,260.0067138671875,45263800,11768891895.141602
2026-01-13,258.4781303943212,261.56523797230057,258.148452318208,260.8059387207031,45730800,11926864222.44873
2026-01-14,259.247418118488,261.57525710051715,256.4700180914029,259.71697998046875,40019400,10393717708.630371
2026-01-15,260.40631875644857,260.7959687899761,256.8096782083212,257.9685974121094,39388600,10161021896.026611
2026-01-16,257.6589020182799,258.6579671912775,254.69167723491495,255.29112243652344,72142800,18417416387.713623
2026-01-20,252.49373739571587,254.55180921698133,243.19244305608962,246.46937561035156,80267500,19783480606.803894
2026-01-21,248.46750904444812,251.3248360900433,244.9507953165175,247.41848754882812,54641700,13519366771.096802
2026-01-22,248.96703988447874,250.76536025794266,247.9180183962477,248.1178436279297,39708300,9852337770.13092
2026-01-23,247.08880782235642,249.17685039145397,244.45126111041233,247.80812072753906,41689000,10330872745.010376
2026-01-26,251.24490015634893,256.32015295784896,249.5664780183616,255.17123413085938,55969200,14281729837.316895
2026-01-27,258.92771692213245,261.70511669708895,257.96859246831417,258.0285339355469,49648300,12810678061.392212
2026-01-28,257.409147241713,258.61800761819165,254.27208306792676,256.2002868652344,41288000,10577997444.091797
2026-01-29,257.75880668092503,259.4072580677027,254.17216647920577,258.0385437011719,67253000,17353866179.534912
2026-01-30,254.93144331105526,261.6551472598355,251.94423313215475,259.2374267578125,92443400,23964789136.743164
2026-02-02,259.7869174093499,270.2371306501278,258.9676766447768,269.7575988769531,73913400,19938701308.831787
2026-02-03,268.9483513556569,271.6258386480508,267.3598109321867,269.22808837890625,64394700,17336861982.733154
2026-02-04,272.03545112075,278.68922850453845,272.03545112075,276.23150634765625,90545700,25011575104.30298
2026-02-05,277.86999494352693,279.2387093202658,272.97458180817284,275.6520690917969,52977400,14603329925.10376
2026-02-06,276.8609202349588,280.6473855638201,276.67109542368036,277.8599853515625,50453400,14018980984.936523
2026-02-09,277.9100036621094,278.20001220703125,271.70001220703125,274.6199951171875,44623400,12254477890.112305
2026-02-10,274.8900146484375,275.3699951171875,272.94000244140625,273.67999267578125,34376900,9408269740.216064
2026-02-11,274.70001220703125,280.17999267578125,274.45001220703125,275.5,51931300,14307073150.0
2026-02-12,275.5899963378906,275.7200012207031,260.17999267578125,261.7300109863281,81077200,21220336446.740723
2026-02-13,262.010009765625,262.2300109863281,255.4499969482422,255.77999877929688,56290700,14398035177.285767
2026-02-17,258.04998779296875,266.2900085449219,255.5399932861328,263.8800048828125,58469100,15428826393.493652
2026-02-18,263.6000061035156,266.82000732421875,262.45001220703125,264.3500061035156,34203300,9041642563.760376
2026-02-19,262.6000061035156,264.4800109863281,260.04998779296875,260.5799865722656,30845300,8037667859.817505
2026-02-20,258.9700012207031,264.75,258.1600036621094,264.5799865722656,42070500,11131012325.088501
2026-02-23,263.489990234375,269.42999267578125,263.3800048828125,266.17999267578125,37308200,9930696402.746582
2026-02-24,267.8599853515625,274.8900146484375,267.7099914550781,272.1400146484375,47014600,12794553932.69043
2026-02-25,271.7799987792969,274.94000244140625,271.04998779296875,274.2300109863281,33714300,9245472859.396362
2026-02-26,274.95001220703125,276.1099853515625,270.79998779296875,272.95001220703125,32345100,8828595439.837646
2026-02-27,272.80999755859375,272.80999755859375,262.8900146484375,264.17999267578125,72366500,19117781439.971924
2026-03-02,262.4100036621094,266.5299987792969,260.20001220703125,264.7200012207031,41827900,11072681739.059448
2026-03-03,263.4800109863281,265.55999755859375,260.1300048828125,263.75,38568900,10172547375.0
2026-03-04,264.6499938964844,266.1499938964844,261.4200134277344,262.5199890136719,39803100,10449109374.710083
2026-03-05,260.7900085449219,261.55999755859375,257.25,260.2900085449219,49658600,12925637418.328857
2026-03-06,258.6300048828125,258.7699890136719,254.3699951171875,257.4599914550781,41120000,10586754848.632812
2026-03-09,255.69000244140625,261.1499938964844,253.67999267578125,259.8800048828125,38218500,9932223966.61377
2026-03-10,257.6499938964844,262.4800109863281,256.95001220703125,260.8299865722656,30590800,7978997953.234863
2026-03-11,261.0899963378906,262.1300048828125,259.54998779296875,260.80999755859375,26218900,6838151244.989014
2026-03-12,258.6600036621094,258.95001220703125,254.17999267578125,255.75999450683594,40794000,10433473215.911865
2026-03-13,255.47999572753906,256.3299865722656,249.52000427246094,250.1199951171875,36930000,9236931419.677734
2026-03-16,252.11000061035156,253.88999938964844,249.8800048828125,252.82000732421875,32074200,8108999478.918457
2026-03-17,252.9600067138672,255.1300048828125,252.17999267578125,254.22999572753906,32361600,8227289429.736328
2026-03-18,252.6300048828125,254.94000244140625,249.0,249.94000244140625,35757900,8937329613.29956
2026-03-19,249.39999389648438,251.8300018310547,247.3000030517578,248.9600067138672,34864100,8679766570.072937
2026-03-20,247.97999572753906,249.1999969482422,246.0,247.99000549316406,88331100,21905229974.217224
2026-03-23,253.97000122070312,254.60000610351562,250.27999877929688,251.49000549316406,40546100,10196938911.72638
2026-03-24,250.35000610351562,254.8300018310547,249.5500030517578,251.63999938964844,45152300,11362124744.441223
2026-03-25,254.10000610351562,255.0,251.60000610351562,252.6199951171875,28476700,7193783814.953613
2026-03-26,252.1199951171875,257.0,250.77000427246094,252.88999938964844,41796700,10569967437.489319
2026-03-27,253.89999389648438,255.49000549316406,248.07000732421875,248.8000030517578,47900000,11917520146.1792
2026-03-30,250.07000732421875,250.8699951171875,245.50999450683594,246.6300048828125,39446200,9728616498.608398
2026-03-31,247.91000366210938,255.47999572753906,247.10000610351562,253.7899932861328,49598100,12587501466.004944
2026-04-01,254.0800018310547,256.17999267578125,253.3300018310547,255.6300048828125,40059400,10240384617.60254
2026-04-02,254.1999969482422,256.1300048828125,250.64999389648438,255.9199981689453,31289400,8007583190.707397
2026-04-06,256.510009765625,262.1600036621094,256.4599914550781,258.8599853515625,29329900,7592337484.362793
2026-04-07,256.1600036621094,256.20001220703125,245.6999969482422,253.5,62148000,15754518000.0
2026-04-08,258.45001220703125,259.75,256.5299987792969,258.8999938964844,41032800,10623391669.555664
2026-04-09,259.0,261.1199951171875,256.07000732421875,260.489990234375,28121600,7325395309.375
2026-04-10,259.9800109863281,262.19000244140625,259.0199890136719,260.4800109863281,31291500,8150810263.778687
2026-04-13,259.7300109863281,260.17999267578125,256.6600036621094,259.20001220703125,36234700,9392034682.318115
2026-04-14,259.25,261.92999267578125,257.19000244140625,258.8299865722656,48370700,12519787631.491089
2026-04-15,258.1600036621094,266.55999755859375,257.80999755859375,266.42999267578125,49913500,13298453439.422607
2026-04-16,266.79998779296875,267.1600036621094,261.2699890136719,263.3999938964844,43323100,11411304275.576782
2026-04-17,266.9599914550781,272.29998779296875,266.7200012207031,270.2300109863281,61436200,16601905000.958252
2026-04-20,270.3299865722656,274.2799987792969,270.2900085449219,273.04998779296875,36590200,9990953663.342285
2026-04-21,271.5,272.79998779296875,265.3999938964844,266.1700134277344,50209800,13364343140.203857
2026-04-22,267.82000732421875,273.739990234375,266.8699951171875,273.1700134277344,43249200,11814384544.73877
2026-04-23,275.04998779296875,275.7699890136719,271.6499938964844,273.42999267578125,33399600,9132452383.374023
2026-04-24,272.760009765625,273.05999755859375,269.6499938964844,271.05999755859375,38157100,10342863432.843018
2026-04-27,266.0899963378906,268.3599853515625,265.07000732421875,267.6099853515625,41466800,11096929740.576172
2026-04-28,272.3399963378906,273.2300109863281,268.6600036621094,270.7099914550781,40018900,10833516077.041626
2026-04-29,267.54998779296875,271.0400085449219,267.0400085449219,270.1700134277344,30047900,8118041546.47522
2026-04-30,270.5,276.0,268.1400146484375,271.3500061035156,91848200,24923009630.596924
2026-05-01,278.8599853515625,287.2200012207031,278.3699951171875,280.1400146484375,79844600,22367667413.598633
2026-05-04,279.6549987792969,280.6300048828125,274.860107421875,276.8299865722656,45414226,12572019573.769836
